Week,Date,Mass(g),Glucose,Exp_box,From_box,Mouse_index,Mouse,Sex,Genotype,Time,Glucose_mgdl,C1_C2,delta_T,AUC_linear
17,2/17/20,26.3,105.2,1,144,1,LC,Female,WT,0,181,181.00,0,0
17,2/17/20,26.3,105.2,1,144,1,LC,Female,WT,10,174,355,10,1775
17,2/17/20,26.3,105.2,1,144,1,LC,Female,WT,20,180,354,10,1770
17,2/17/20,26.3,105.2,1,144,1,LC,Female,WT,30,205,385,10,1925
17,2/17/20,26.3,105.2,1,144,1,LC,Female,WT,60,163,368,30,5520
17,2/17/20,26.3,105.2,1,144,1,LC,Female,WT,90,110,273,30,4095
17,2/17/20,26.3,105.2,1,144,1,LC,Female,WT,120,119,229,30,3435
17,2/17/20,23.4,93.6,1,144,2,RC,Female,WT,0,112,112.00,0,0
17,2/17/20,23.4,93.6,1,144,2,RC,Female,WT,10,209,321,10,1605
17,2/17/20,23.4,93.6,1,144,2,RC,Female,WT,20,120,329,10,1645
17,2/17/20,23.4,93.6,1,144,2,RC,Female,WT,30,135,255,10,1275
17,2/17/20,23.4,93.6,1,144,2,RC,Female,WT,60,111,246,30,3690
17,2/17/20,23.4,93.6,1,144,2,RC,Female,WT,90,117,228,30,3420
17,2/17/20,23.4,93.6,1,144,2,RC,Female,WT,120,75,192,30,2880
17,2/17/20,40.7,162.8,2,145,3,LC,Male,tg,0,100,100.00,0,0
17,2/17/20,40.7,162.8,2,145,3,LC,Male,tg,10,293,393,10,1965
17,2/17/20,40.7,162.8,2,145,3,LC,Male,tg,20,343,636,10,3180
17,2/17/20,40.7,162.8,2,145,3,LC,Male,tg,30,355,698,10,3490
17,2/17/20,40.7,162.8,2,145,3,LC,Male,tg,60,151,506,30,7590
17,2/17/20,40.7,162.8,2,145,3,LC,Male,tg,90,160,311,30,4665
17,2/17/20,40.7,162.8,2,145,3,LC,Male,tg,120,118,278,30,4170
17,2/17/20,24.3,97.2,2,145,4,RC,Male,tg,0,118,118.00,0,0
17,2/17/20,24.3,97.2,2,145,4,RC,Male,tg,10,248,366,10,1830
17,2/17/20,24.3,97.2,2,145,4,RC,Male,tg,20,401,649,10,3245
17,2/17/20,24.3,97.2,2,145,4,RC,Male,tg,30,162,563,10,2815
17,2/17/20,24.3,97.2,2,145,4,RC,Male,tg,60,123,285,30,4275
17,2/17/20,24.3,97.2,2,145,4,RC,Male,tg,90,104,227,30,3405
17,2/17/20,24.3,97.2,2,145,4,RC,Male,tg,120,110,214,30,3210
17,2/17/20,22.5,90,3,146,5,LC,Female,WT,0,148,148.00,0,0
17,2/17/20,22.5,90,3,146,5,LC,Female,WT,10,365,513,10,2565
17,2/17/20,22.5,90,3,146,5,LC,Female,WT,20,186,551,10,2755
17,2/17/20,22.5,90,3,146,5,LC,Female,WT,30,138,324,10,1620
17,2/17/20,22.5,90,3,146,5,LC,Female,WT,60,129,267,30,4005
17,2/17/20,22.5,90,3,146,5,LC,Female,WT,90,160,289,30,4335
17,2/17/20,22.5,90,3,146,5,LC,Female,WT,120,167,327,30,4905
17,2/17/20,28.9,115.6,3,146,6,RC,Female,tg,0,97,97.00,0,0
17,2/17/20,28.9,115.6,3,146,6,RC,Female,tg,10,226,323,10,1615
17,2/17/20,28.9,115.6,3,146,6,RC,Female,tg,20,149,375,10,1875
17,2/17/20,28.9,115.6,3,146,6,RC,Female,tg,30,210,359,10,1795
17,2/17/20,28.9,115.6,3,146,6,RC,Female,tg,60,197,407,30,6105
17,2/17/20,28.9,115.6,3,146,6,RC,Female,tg,90,111,308,30,4620
17,2/17/20,28.9,115.6,3,146,6,RC,Female,tg,120,141,252,30,3780
17,2/17/20,42.1,168.4,4,147,7,LC,Male,tg,0,179,179.00,0,0
17,2/17/20,42.1,168.4,4,147,7,LC,Male,tg,10,289,468,10,2340
17,2/17/20,42.1,168.4,4,147,7,LC,Male,tg,20,211,500,10,2500
17,2/17/20,42.1,168.4,4,147,7,LC,Male,tg,30,208,419,10,2095
17,2/17/20,42.1,168.4,4,147,7,LC,Male,tg,60,165,373,30,5595
17,2/17/20,42.1,168.4,4,147,7,LC,Male,tg,90,109,274,30,4110
17,2/17/20,42.1,168.4,4,147,7,LC,Male,tg,120,167,276,30,4140
17,2/17/20,40.9,163.6,4,147,8,RC,Male,tg,0,208,208.00,0,0
17,2/17/20,40.9,163.6,4,147,8,RC,Male,tg,10,327,535,10,2675
17,2/17/20,40.9,163.6,4,147,8,RC,Male,tg,20,271,598,10,2990
17,2/17/20,40.9,163.6,4,147,8,RC,Male,tg,30,184,455,10,2275
17,2/17/20,40.9,163.6,4,147,8,RC,Male,tg,60,211,395,30,5925
17,2/17/20,40.9,163.6,4,147,8,RC,Male,tg,90,118,329,30,4935
17,2/17/20,40.9,163.6,4,147,8,RC,Male,tg,120,119,237,30,3555
17,2/17/20,39.7,158.8,4,147,9,BC,Male,WT,0,165,165.00,0,0
17,2/17/20,39.7,158.8,4,147,9,BC,Male,WT,10,334,499,10,2495
17,2/17/20,39.7,158.8,4,147,9,BC,Male,WT,20,253,587,10,2935
17,2/17/20,39.7,158.8,4,147,9,BC,Male,WT,30,299,552,10,2760
17,2/17/20,39.7,158.8,4,147,9,BC,Male,WT,60,118,417,30,6255
17,2/17/20,39.7,158.8,4,147,9,BC,Male,WT,90,116,234,30,3510
17,2/17/20,39.7,158.8,4,147,9,BC,Male,WT,120,112,228,30,3420
17,2/17/20,42.5,170,4,147,10,LP,Male,WT,0,222,222.00,0,0
17,2/17/20,42.5,170,4,147,10,LP,Male,WT,10,280,502,10,2510
17,2/17/20,42.5,170,4,147,10,LP,Male,WT,20,249,529,10,2645
17,2/17/20,42.5,170,4,147,10,LP,Male,WT,30,243,492,10,2460
17,2/17/20,42.5,170,4,147,10,LP,Male,WT,60,180,423,30,6345
17,2/17/20,42.5,170,4,147,10,LP,Male,WT,90,160,340,30,5100
17,2/17/20,42.5,170,4,147,10,LP,Male,WT,120,125,285,30,4275
17,2/17/20,40,160,4,147,11,RP,Male,tg,0,147,147.00,0,0
17,2/17/20,40,160,4,147,11,RP,Male,tg,10,206,353,10,1765
17,2/17/20,40,160,4,147,11,RP,Male,tg,20,196,402,10,2010
17,2/17/20,40,160,4,147,11,RP,Male,tg,30,158,354,10,1770
17,2/17/20,40,160,4,147,11,RP,Male,tg,60,145,303,30,4545
17,2/17/20,40,160,4,147,11,RP,Male,tg,90,137,282,30,4230
17,2/17/20,40,160,4,147,11,RP,Male,tg,120,119,256,30,3840
17,2/17/20,36.1,144.4,5,148,12,LC,Female,tg,0,141,141.00,0,0
17,2/17/20,36.1,144.4,5,148,12,LC,Female,tg,10,243,384,10,1920
17,2/17/20,36.1,144.4,5,148,12,LC,Female,tg,20,232,475,10,2375
17,2/17/20,36.1,144.4,5,148,12,LC,Female,tg,30,171,403,10,2015
17,2/17/20,36.1,144.4,5,148,12,LC,Female,tg,60,137,308,30,4620
17,2/17/20,36.1,144.4,5,148,12,LC,Female,tg,90,121,258,30,3870
17,2/17/20,36.1,144.4,5,148,12,LC,Female,tg,120,100,221,30,3315
17,2/17/20,42.5,170,6,149,13,LC,Male,tg,0,172,172.00,0,0
17,2/17/20,42.5,170,6,149,13,LC,Male,tg,10,296,468,10,2340
17,2/17/20,42.5,170,6,149,13,LC,Male,tg,20,390,686,10,3430
17,2/17/20,42.5,170,6,149,13,LC,Male,tg,30,291,681,10,3405
17,2/17/20,42.5,170,6,149,13,LC,Male,tg,60,184,475,30,7125
17,2/17/20,42.5,170,6,149,13,LC,Male,tg,90,142,326,30,4890
17,2/17/20,42.5,170,6,149,13,LC,Male,tg,120,120,262,30,3930
17,2/17/20,46.8,187.2,6,149,14,RC,Male,WT,0,126,126.00,0,0
17,2/17/20,46.8,187.2,6,149,14,RC,Male,WT,10,353,479,10,2395
17,2/17/20,46.8,187.2,6,149,14,RC,Male,WT,20,397,750,10,3750
17,2/17/20,46.8,187.2,6,149,14,RC,Male,WT,30,335,732,10,3660
17,2/17/20,46.8,187.2,6,149,14,RC,Male,WT,60,240,575,30,8625
17,2/17/20,46.8,187.2,6,149,14,RC,Male,WT,90,184,424,30,6360
17,2/17/20,46.8,187.2,6,149,14,RC,Male,WT,120,104,288,30,4320
17,2/17/20,21.7,86.8,7,150,15,LC,Female,tg,0,149,149.00,0,0
17,2/17/20,21.7,86.8,7,150,15,LC,Female,tg,10,191,340,10,1700
17,2/17/20,21.7,86.8,7,150,15,LC,Female,tg,20,149,340,10,1700
17,2/17/20,21.7,86.8,7,150,15,LC,Female,tg,30,123,272,10,1360
17,2/17/20,21.7,86.8,7,150,15,LC,Female,tg,60,122,245,30,3675
17,2/17/20,21.7,86.8,7,150,15,LC,Female,tg,90,84,206,30,3090
17,2/17/20,21.7,86.8,7,150,15,LC,Female,tg,120,76,160,30,2400
17,2/17/20,23.8,95.2,7,150,16,RC,Female,tg,0,114,114.00,0,0
17,2/17/20,23.8,95.2,7,150,16,RC,Female,tg,10,121,235,10,1175
17,2/17/20,23.8,95.2,7,150,16,RC,Female,tg,20,182,303,10,1515
17,2/17/20,23.8,95.2,7,150,16,RC,Female,tg,30,146,328,10,1640
17,2/17/20,23.8,95.2,7,150,16,RC,Female,tg,60,116,262,30,3930
17,2/17/20,23.8,95.2,7,150,16,RC,Female,tg,90,84,200,30,3000
17,2/17/20,23.8,95.2,7,150,16,RC,Female,tg,120,82,166,30,2490
17,2/17/20,22.7,90.8,7,150,17,BC,Female,WT,0,121,121.00,0,0
17,2/17/20,22.7,90.8,7,150,17,BC,Female,WT,10,156,277,10,1385
17,2/17/20,22.7,90.8,7,150,17,BC,Female,WT,20,129,285,10,1425
17,2/17/20,22.7,90.8,7,150,17,BC,Female,WT,30,124,253,10,1265
17,2/17/20,22.7,90.8,7,150,17,BC,Female,WT,60,149,273,30,4095
17,2/17/20,22.7,90.8,7,150,17,BC,Female,WT,90,105,254,30,3810
17,2/17/20,22.7,90.8,7,150,17,BC,Female,WT,120,97,202,30,3030
17,2/17/20,25.5,102,7,150,18,LP,Female,WT,0,195,195.00,0,0
17,2/17/20,25.5,102,7,150,18,LP,Female,WT,10,219,414,10,2070
17,2/17/20,25.5,102,7,150,18,LP,Female,WT,20,191,410,10,2050
17,2/17/20,25.5,102,7,150,18,LP,Female,WT,30,123,314,10,1570
17,2/17/20,25.5,102,7,150,18,LP,Female,WT,60,116,239,30,3585
17,2/17/20,25.5,102,7,150,18,LP,Female,WT,90,106,222,30,3330
17,2/17/20,25.5,102,7,150,18,LP,Female,WT,120,99,205,30,3075
17,2/17/20,21.4,85.6,7,150,19,RP,Female,tg,0,147,147.00,0,0
17,2/17/20,21.4,85.6,7,150,19,RP,Female,tg,10,256,403,10,2015
17,2/17/20,21.4,85.6,7,150,19,RP,Female,tg,20,151,407,10,2035
17,2/17/20,21.4,85.6,7,150,19,RP,Female,tg,30,125,276,10,1380
17,2/17/20,21.4,85.6,7,150,19,RP,Female,tg,60,149,274,30,4110
17,2/17/20,21.4,85.6,7,150,19,RP,Female,tg,90,123,272,30,4080
17,2/17/20,21.4,85.6,7,150,19,RP,Female,tg,120,138,261,30,3915
17,2/17/20,21.4,85.6,8,151,20,LC,Female,WT,0,140,140.00,0,0
17,2/17/20,26.6,106.4,8,151,20,LC,Female,WT,10,173,313,10,1565
17,2/17/20,26.6,106.4,8,151,20,LC,Female,WT,20,147,320,10,1600
17,2/17/20,26.6,106.4,8,151,20,LC,Female,WT,30,139,286,10,1430
17,2/17/20,26.6,106.4,8,151,20,LC,Female,WT,60,95,234,30,3510
17,2/17/20,26.6,106.4,8,151,20,LC,Female,WT,90,101,196,30,2940
17,2/17/20,26.6,106.4,8,151,20,LC,Female,WT,120,71,172,30,2580
17,2/17/20,25.2,100.8,8,151,21,RC,Female,tg,0,132,132.00,0,0
17,2/17/20,25.2,100.8,8,151,21,RC,Female,tg,10,198,330,10,1650
17,2/17/20,25.2,100.8,8,151,21,RC,Female,tg,20,195,393,10,1965
17,2/17/20,25.2,100.8,8,151,21,RC,Female,tg,30,131,326,10,1630
17,2/17/20,25.2,100.8,8,151,21,RC,Female,tg,60,95,226,30,3390
17,2/17/20,25.2,100.8,8,151,21,RC,Female,tg,90,87,182,30,2730
17,2/17/20,25.2,100.8,8,151,21,RC,Female,tg,120,116,203,30,3045
17,2/17/20,24.1,96.4,8,151,22,BC,Female,WT,0,106,106.00,0,0
17,2/17/20,24.1,96.4,8,151,22,BC,Female,WT,10,201,307,10,1535
17,2/17/20,24.1,96.4,8,151,22,BC,Female,WT,20,205,406,10,2030
17,2/17/20,24.1,96.4,8,151,22,BC,Female,WT,30,136,341,10,1705
17,2/17/20,24.1,96.4,8,151,22,BC,Female,WT,60,101,237,30,3555
17,2/17/20,24.1,96.4,8,151,22,BC,Female,WT,90,82,183,30,2745
17,2/17/20,24.1,96.4,8,151,22,BC,Female,WT,120,83,165,30,2475
17,2/17/20,25.6,102.4,8,151,23,LP,Female,tg,0,86,86.00,0,0
17,2/17/20,25.6,102.4,8,151,23,LP,Female,tg,10,124,210,10,1050
17,2/17/20,25.6,102.4,8,151,23,LP,Female,tg,20,138,262,10,1310
17,2/17/20,25.6,102.4,8,151,23,LP,Female,tg,30,140,278,10,1390
17,2/17/20,25.6,102.4,8,151,23,LP,Female,tg,60,132,272,30,4080
17,2/17/20,25.6,102.4,8,151,23,LP,Female,tg,90,132,264,30,3960
17,2/17/20,25.6,102.4,8,151,23,LP,Female,tg,120,156,288,30,4320
17,2/17/20,42.2,168.8,9,152,24,LC,Male,tg,0,137,137.00,0,0
17,2/17/20,42.2,168.8,9,152,24,LC,Male,tg,10,205,342,10,1710
17,2/17/20,42.2,168.8,9,152,24,LC,Male,tg,20,212,417,10,2085
17,2/17/20,42.2,168.8,9,152,24,LC,Male,tg,30,223,435,10,2175
17,2/17/20,42.2,168.8,9,152,24,LC,Male,tg,60,223,446,30,6690
17,2/17/20,42.2,168.8,9,152,24,LC,Male,tg,90,177,400,30,6000
17,2/17/20,42.2,168.8,9,152,24,LC,Male,tg,120,97,274,30,4110
17,2/17/20,34.1,136.4,9,152,25,RC,Male,tg,0,125,125.00,0,0
17,2/17/20,34.1,136.4,9,152,25,RC,Male,tg,10,251,376,10,1880
17,2/17/20,34.1,136.4,9,152,25,RC,Male,tg,20,282,533,10,2665
17,2/17/20,34.1,136.4,9,152,25,RC,Male,tg,30,236,518,10,2590
17,2/17/20,34.1,136.4,9,152,25,RC,Male,tg,60,163,399,30,5985
17,2/17/20,34.1,136.4,9,152,25,RC,Male,tg,90,168,331,30,4965
17,2/17/20,34.1,136.4,9,152,25,RC,Male,tg,120,151,319,30,4785
17,2/17/20,28.2,112.8,9,152,26,BC,Male,WT,0,151,151.00,0,0
17,2/17/20,28.2,112.8,9,152,26,BC,Male,WT,10,316,467,10,2335
17,2/17/20,28.2,112.8,9,152,26,BC,Male,WT,20,246,562,10,2810
17,2/17/20,28.2,112.8,9,152,26,BC,Male,WT,30,194,440,10,2200
17,2/17/20,28.2,112.8,9,152,26,BC,Male,WT,60,226,420,30,6300
17,2/17/20,28.2,112.8,9,152,26,BC,Male,WT,90,259,485,30,7275
17,2/17/20,28.2,112.8,9,152,26,BC,Male,WT,120,116,375,30,5625